{
  "version": "1.0",
  "profiles": {
    "global_knobs": {
      "ignore_grease": true,
      "sort_lists": true,
      "cap_lengths": {
        "ua": 220,
        "path": 256
      },
      "host_to_lower": true,
      "punycode": true,
      "san_limit": 30,
      "include_ech_flag": true,
      "quic_supported": true
    },
    "bins": {
      "alpn": [
        "h2",
        "h3",
        "http/1.1",
        "quic-*"
      ],
      "sni_tld": [
        "com",
        "net",
        "org",
        "co.kr",
        "kr",
        "io",
        "dev",
        "app"
      ]
    },
    "ja4_client": {
      "token": "t{tls12|tls13}d_{cipher_cnt}-{ext_cnt}-{group_cnt}-{alpn_present}-{sni_present}_{alpn_bin_id}",
      "normalize": {
        "tls_version_split": true,
        "remove_grease": true,
        "sort_cipher_ext_groups": true,
        "alpn_to_bins": true,
        "sni_puny_lower": true,
        "0rtt_bit": true,
        "resumption_bit": true
      },
      "top_k": 10
    },
    "ja4_server": {
      "token": "s{tls12|tls13}_{sel_cipher}_{alpn_bin_id}_{ticket_len_bin}_{resumption_bit}",
      "normalize": {
        "ticket_len_bins": [
          0,
          64,
          128,
          256,
          512,
          1024,
          2048,
          4096
        ]
      }
    },
    "ja4_http": {
      "token": "h_{method}_{path_depth}_{param_cnt}_{hdr_set_hash}",
      "normalize": {
        "method_cap": [
          "GET",
          "POST",
          "PUT",
          "DELETE",
          "HEAD",
          "PATCH"
        ],
        "ua_cap_len": 220,
        "headers_sort_dedup": true
      }
    },
    "ja4_x509": {
      "token": "x_{spki_sha256_12}_{san_cnt_bin}_{sig_alg_grp}_{key_len_bin}",
      "normalize": {
        "san_cnt_bins": [
          0,
          1,
          2,
          5,
          10,
          20,
          30,
          50
        ],
        "key_len_bins": [
          0,
          128,
          256,
          384,
          521,
          1024,
          2048,
          4096
        ]
      }
    },
    "ja4_quic": {
      "token": "q_{version_token}|{tp_count}|{alpn_present}|{cid_len_bin}|{zrt_flag}",
      "normalize": {
        "version_tokenize": true,
        "tp_count_bins": [
          0,
          5,
          10,
          20,
          40,
          80
        ],
        "cid_len_bins": [
          0,
          4,
          8,
          12,
          16,
          20,
          32
        ]
      }
    }
  }
}