{
  "TLS_FIELDS": {
    "ver": "tls.record.version",
    "cs": "tls.handshake.ciphersuite",
    "ext": "tls.handshake.extensions_type",
    "groups": "tls.handshake.extensions_supported_group",
    "alpn": "tls.handshake.extensions_alpn_str",
    "sni": "tls.handshake.extensions_server_name"
  },
  "HTTP_FIELDS": {
    "method": "http.request.method",
    "ua": "http.user_agent",
    "host": "http.host",
    "path": "http.request.full_uri"
  },
  "X509_FIELDS": {
    "cn": "x509sat.printableString",
    "san": "x509ce.dNSName",
    "sig": "x509af.signature.algorithm",
    "spki": "x509af.subjectPublicKeyInfo",
    "not_before": "x509af.validity.not_before",
    "not_after": "x509af.validity.not_after"
  },
  "QUIC_FIELDS": {
    "ver": "quic.version",
    "alpn": "quic.alpn",
    "sni": "quic.sni",
    "odcid_len": "quic.orig_dst_conn_id.len",
    "retry": "quic.retry",
    "zrt": "quic.zero_rtt",
    "tp_raw": "quic.transport_parameter"
  },
  "knobs": {
    "ignore_grease": true,
    "sort_lists": true,
    "top_k": 8,
    "cap_lengths": {
      "ua": 220
    },
    "host_to_lower": true,
    "punycode": true,
    "san_limit": 30,
    "alpn_bins": [
      "h2",
      "h3",
      "http/1.1",
      "quic-*"
    ],
    "include_ech_flag": true,
    "quic_supported": true,
    "sni_tld_bins": [
      "com",
      "net",
      "org",
      "co.kr",
      "kr",
      "io"
    ]
  }
}